,Vertices,Edges,Mean degree,Size of weakly connected component,Power Law Alpha,Local clustering coefficient,Global clustering coefficient,Homophily by degree
0,592.0,6754.0,11.408783783783784,0.3310810810810811,2.5306006786836615,0.05771144278606965,0.177566239799367,0.31976341733745683
