,Vertices,Edges,Mean degree,Average path length,Size of weakly connected component,Power Law Alpha,Local clustering coefficient,Global clustering coefficient,Homophily by degree
0,6850,5350,0.0013254835100431563,0.781021897810219,0.00014598540145985403,3.616478467021695,0.0008772955901275003,0.0002461351111654273,0.009203837810056228
