,Vertices,Edges,Mean degree,Size of weakly connected component,Power Law Alpha,Local clustering coefficient,Global clustering coefficient,Homophily by degree
0,633,6865,10.845181674565561,0.9052132701421801,4.05390062056583,0.05760863726701402,0.05517594500143136,0.009203567295150209
